{
    "_id": ObjectId("6421457cb0409ce5a1ccb607"),
    "username": "彩棠旗舰店:播音服务商",
    "password": "ct183619",
    "status": NumberInt("1"),
    "cookies": {
        "cookie_dict": {
            "2215437797594_euacm_ac_c_uid_": "379424083",
            "2215437797594_euacm_ac_rs_uid_": "379424083",
            "JSESSIONID": "4D0690FD3426AEBDEA85A2C5FEF87627",
            "XSRF-TOKEN": "2452877e-dbf1-4ae7-8851-53b596820b6a",
            "_cc_": "U%2BGCWk%2F7og%3D%3D",
            "_euacm_ac_l_uid_": "2215437797594",
            "_euacm_ac_rs_sid_": "60637940",
            "_m_h5_tk": "311b0efd0365520a178a0f966c6f2ca3_1679989153138",
            "_m_h5_tk_enc": "780ac59bfd16165208ef2fa0e7bbbff3",
            "_one_operate_old_mds_": "category-experience-ptimization-transit/1680022425340",
            "_portal_version_": "new",
            "_samesite_flag_": "true",
            "_tb_token_": "ebe3e395b3f0a",
            "ali_apache_id": "33.62.30.202.1679639110563.389903.3",
            "cancelledSubSites": "empty",
            "cc_gray": "1",
            "cna": "bgWgHNTlegkCAXPCvdDuzrl2",
            "cookie2": "1e68c3c6ffbf4ec3222f7cb73bebc983",
            "csg": "3fdf7dd5",
            "isg": "BDg4Q0PdqLnd1MQGftlU5mngCebKoZwrw0qnPnKr6HNUjdt3GrdLu7nvRYU93VQD",
            "l": "fBjRJkcPNN1HXWdBBO5Zhurza77O1QAf1sPzaNbMiIEGa6BdCHqjMNCs0-spAdtjgT5x3etzMXYO0de9lxaLRx_24Z04ZhCJwB9MJeM3N7AN.",
            "sgcookie": "E1003rezoRcI2C8N14%2FL9SzczRHWBqCjLeosEiHUMY6BCl6MBYSfBdGCnSvXRLGO1gqNXZ1EX9D9JfLTp25di2%2Bv2p3nV%2BqmxvaySjS4YdduZus%3D",
            "skt": "746162fef5ec099b",
            "sn": "%E7%8F%80%E8%8E%B1%E9%9B%85%E5%AE%98%E6%96%B9%E6%97%97%E8%88%B0%E5%BA%97%3A%E5%AE%89%E5%A5%BD",
            "t": "d8c7821291cc2e65eedcd1fcdeceb88f",
            "tfstk": "cL2GB3wQ95l14X6YRPM1U4nhhH0cafvqr-yQLMnCq4S42pyEbsj9TQzCGM0GPNRf.",
            "uc1": "cookie21=VFC%2FuZ9aj3yE&cookie14=UoezRm%2BoNVTXEg%3D%3D",
            "unb": "2215437797594",
            "v": "0",
            "xlly_s": "1"
        },
        "cookie_str": "t=d8c7821291cc2e65eedcd1fcdeceb88f; ali_apache_id=33.62.30.202.1679639110563.389903.3; xlly_s=1; _m_h5_tk=311b0efd0365520a178a0f966c6f2ca3_1679989153138; _m_h5_tk_enc=780ac59bfd16165208ef2fa0e7bbbff3; _samesite_flag_=true; cookie2=1e68c3c6ffbf4ec3222f7cb73bebc983; _tb_token_=ebe3e395b3f0a; sgcookie=E1003rezoRcI2C8N14%2FL9SzczRHWBqCjLeosEiHUMY6BCl6MBYSfBdGCnSvXRLGO1gqNXZ1EX9D9JfLTp25di2%2Bv2p3nV%2BqmxvaySjS4YdduZus%3D; unb=2215437797594; sn=%E7%8F%80%E8%8E%B1%E9%9B%85%E5%AE%98%E6%96%B9%E6%97%97%E8%88%B0%E5%BA%97%3A%E5%AE%89%E5%A5%BD; uc1=cookie21=VFC%2FuZ9aj3yE&cookie14=UoezRm%2BoNVTXEg%3D%3D; csg=3fdf7dd5; cancelledSubSites=empty; skt=746162fef5ec099b; _cc_=U%2BGCWk%2F7og%3D%3D; _euacm_ac_l_uid_=2215437797594; 2215437797594_euacm_ac_c_uid_=379424083; 2215437797594_euacm_ac_rs_uid_=379424083; v=0; _portal_version_=new; cc_gray=1; cna=bgWgHNTlegkCAXPCvdDuzrl2; XSRF-TOKEN=2452877e-dbf1-4ae7-8851-53b596820b6a; _one_operate_old_mds_=category-experience-ptimization-transit"
    }
}